{"state":{"isStdErrTTY":true,"testRunDurationMs":602032.0352,"isStdOutTTY":true},"metrics":{"vus_max":{"contains":"default","values":{"value":300,"min":300,"max":300},"type":"gauge"},"http_req_duration":{"contains":"time","values":{"p(95)":202.7574799999992,"avg":143.74225608538129,"min":4.1556,"med":10.4149,"max":30841.8147,"p(90)":68.80030000000014},"thresholds":{"p(95)<2000":{"ok":true}},"type":"trend"},"http_req_sending":{"type":"trend","contains":"time","values":{"p(90)":0.5091,"p(95)":0.5680799999999989,"avg":0.09565322285976594,"min":0,"med":0,"max":10.6839}},"iteration_duration":{"contains":"time","values":{"max":38641.5186,"p(90)":12196.68445,"p(95)":12428.50515,"avg":8710.32158591645,"min":4045.9052,"med":8119.433849999999},"type":"trend"},"http_req_waiting":{"contains":"time","values":{"avg":142.4450256598582,"min":3.8231,"med":10.139,"max":30841.8147,"p(90)":68.34200000000004,"p(95)":200.51119999999992},"type":"trend"},"http_req_failed":{"type":"rate","contains":"default","values":{"rate":0.08923571264631627,"passes":9720,"fails":99205},"thresholds":{"rate<0.1":{"ok":true}}},"http_req_receiving":{"values":{"avg":1.201577202662387,"min":0,"med":0,"max":1409.6925,"p(90)":0.7821,"p(95)":1.0115},"type":"trend","contains":"time"},"http_req_tls_handshaking":{"type":"trend","contains":"time","values":{"med":0,"max":34.369,"p(90)":0,"p(95)":0,"avg":0.047864243286665144,"min":0}},"vus":{"values":{"value":1,"min":1,"max":300},"type":"gauge","contains":"default"},"http_reqs":{"type":"counter","contains":"default","values":{"count":108925,"rate":180.92891014315245}},"data_sent":{"type":"counter","contains":"data","values":{"count":8774234,"rate":14574.363965673567}},"checks":{"type":"rate","contains":"default","values":{"passes":99205,"fails":9720,"rate":0.9107642873536838}},"http_req_blocked":{"contains":"time","values":{"p(95)":0,"avg":0.06957720541657109,"min":0,"med":0,"max":63.5419,"p(90)":0},"type":"trend"},"iterations":{"type":"counter","contains":"default","values":{"count":14556,"rate":24.178115364183864}},"http_req_connecting":{"type":"trend","contains":"time","values":{"min":0,"med":0,"max":24.2043,"p(90)":0,"p(95)":0,"avg":0.02000717190727564}},"data_received":{"type":"counter","contains":"data","values":{"count":76034454,"rate":126296.35892173201}},"http_req_duration{expected_response:true}":{"type":"trend","contains":"time","values":{"p(95)":104.34983999999987,"avg":117.95346163600775,"min":4.1556,"med":10.1712,"max":30841.8147,"p(90)":61.11608000000008}}},"root_group":{"name":"","path":"","id":"d41d8cd98f00b204e9800998ecf8427e","groups":[],"checks":[{"name":"세일 상태 조회 성공","path":"::세일 상태 조회 성공","id":"42d5f546c992378fbd3a73b807da85aa","passes":14556,"fails":0},{"name":"상품 목록 조회 성공","path":"::상품 목록 조회 성공","id":"83f7cff83492fb0eb96dbf6d4d1f69ad","passes":14556,"fails":0},{"passes":14556,"fails":0,"name":"상품 상세 조회 성공","path":"::상품 상세 조회 성공","id":"646f9b3280a03fa2f123ed27536fb28a"},{"path":"::대기열 진입 성공","id":"745ebd3c11956664994e5cb1a53b9ec1","passes":14556,"fails":0,"name":"대기열 진입 성공"},{"passes":40981,"fails":0,"name":"대기열 상태 조회 성공","path":"::대기열 상태 조회 성공","id":"a0ef0aafc4bd6a293e9d3d4fbf112f7c"},{"passes":0,"fails":9720,"name":"구매 성공","path":"::구매 성공","id":"198af9f0c7e6032959516a20761be1b5"}]},"options":{"summaryTrendStats":["avg","min","med","max","p(90)","p(95)"],"summaryTimeUnit":"","noColor":false}}